form_d_accession_no,cik,entity_name,reason,date_added,note
,,Lasater Real Estate,cease_desist,2026-09-06,TSSB emergency C&D ENF-26-CDO-1898; KeyCity allegations
,,Nitya Capital,distress,2026-09-06,DFW foreclosures / special servicing / co-founder arbitration
,,DLP Capital,other,2026-09-06,Unrebutted allegations + would never outsource (in-house IR stack)
,,Ballast Rock,bd_affiliate,2026-09-06,Ballast Rock Capital LLC FINRA/SIPC — Rule 2210 review on everything
,,1031 Crowdfunding,bd_affiliate,2026-09-06,Sold through Capulent LLC; principals are registered reps
,,Saber Capital,not_re,2026-09-06,Public-equity value investing (13F filer)
,,Transition Equity Partners,not_re,2026-09-06,Energy-transition PE
,,Rod Capital,not_re,2026-09-06,Long/short equity
,,Militia Capital,not_re,2026-09-06,Long/short equity
